Rating,Reviews,Name,Subject,Would take again,Difficulty level,
3.0,63,Laura Brown,Geography,53%,3.2,
4.2,32,Evren Altinkas,History,85%,2.8,
4.9,28,Andrew Nevin,Sociology & Anthropology,100%,2.2,
3.4,11,John Sulik,Agriculture,64%,2.6,
1.0,4,Byram Bridle,Biology,0%,3.3,
3.5,51,Gabrielle Pitt,Social Science,62%,3,
2.2,47,Daniel Gillis,Mathematics,20%,3.5,
3.6,16,Amir Aliabadi,Engineering,57%,4.1,
1.8,77,Lisa Fiksenbaum,Psychology,19%,3.2,
3.8,61,Dennis Baker,Political Science,72%,3.7,
4.8,51,Tad McIlwraith,Anthropology,97%,2.1,
4.4,27,Daniel Kraus,Mathematics,97%,2,
2.7,9,J Killingsworth,Political Science,0%,3.2,
3.5,43,Stefan Kremer,Computer Science,52%,3.4,
3.7,41,Rob Foster,Science,53%,3.5,
3.7,40,Susan Nance,History,41%,3.5,
3.8,31,William Bettger,Biology,67%,2.6,
3.8,25,Jennifer Monk,Science,72%,3.5,
2.4,23,Yussif Yakubu,Philosophy,31%,2.8,
4.0,20,Jeffrey Yen,Psychology,100%,2.6,
4.9,13,Adam Kochanski,Political Science,100%,2.5,
1.2,174,Andrew Hamilton-Wright,Computer Science,6%,4.7,
2.0,37,Andreas Heyland,Biology,14%,4.4,
3.6,48,Nicholas Bernier,Science,83%,3.2,
3.6,22,Timothy Bartley,Science,69%,2.8,
3.4,19,Andrew MacDougall,Biology,45%,3.4,
3.9,12,Barry Micallef,Agriculture,40%,2.9,
2.1,12,Ryan Norris,Biology,0%,3.8,
2.3,10,Shaylah Tuttle-Raycraft,Biology,20%,3.6,
5.0,5,Sarah Alderman,Biology,100%,3.6,
3.0,4,David Huyben,Animal Science,50%,2.8,
2.2,46,Adrian Ionescu,Biology,29%,3.8,
1.2,14,Okila Elboeva,Economics,0%,4.4,
4.6,97,Shawki Areibi,Engineering,84%,3.1,
3.7,69,Jesse Palsetia,History,66%,3.4,
2.6,68,Liz Boulding,Science,31%,3,
3.7,46,David Mutch,Health Science,67%,3.9,
5.0,23,Kate Puddister,Political Science,100%,2.7,
1.0,1,Pam Duesling,Landscape Architecture & Regional Planning,0%,3,
2.6,106,Terry Van Raay,Biology,39%,3.9,
3.3,69,Patrick Parnaby,Criminal Justice,56%,3.9,
3.5,19,Anna-Kate Shoveller,Agriculture,47%,4.2,
3.5,8,Kim Martin,Humanities,75%,3.6,
3.3,75,Julie Simmons,Political Science,36%,3.3,
3.3,70,Mark McCullagh,Philosophy,50%,3,
3.2,29,Ze'Ev Gedalof,Geography,48%,3.2,
4.1,8,Eric Chi,Economics,75%,2.8,
4.7,7,David Walters,Sociology amp Anthropology,86%,2.9,
3.8,5,Stephanie Craig,Psychology,80%,3.4,
3.3,76,Harvey Marmurek,Psychology,77%,3,
2.8,50,Krassimir Yankulov,Science,35%,4.1,
4.6,35,Steffen Graether,Science,100%,2.9,
3.4,28,Cortland Griswold,Biology,77%,3.5,
2.3,10,Ronald Johnson,Biomedical,20%,3.7,
5.0,1,Maryanne Stone,Chemistry,100%,3,
2.3,90,Nancy Bower,Economics,19%,3.7,
3.3,47,Joe Sawada,Computer Science,67%,3.8,
2.9,40,Renee Worringer,History,42%,3.4,
4.7,109,Mike Massa,Physics,98%,2.7,
4.4,44,Robert Mullen,Science,86%,3.3,
4.6,39,Lindsay Robinson,Science,92%,2.6,
3.8,34,Rob Wickham,Physics,76%,3.1,
2.0,29,Xiaorong Qin,Science,10%,3.8,
5.0,4,Edith Wilson,Sociology,100%,1.8,
4.6,115,Nanita Mohan,Political Science,95%,2.2,
3.5,96,Shoshanah Jacobs,Biology,62%,2.9,
2.8,22,Jasmin Hristov,Social Science,46%,3.3,
4.3,22,Pawel Bartlewski,Biomedical,81%,2.6,
4.4,14,Stephen Mattucci,Engineering,86%,2.9,
3.1,9,Yan Yan,Computer Science,67%,1.9,
2.6,8,David Ma,Science,20%,3.6,
2.3,7,Fattane Zarrinkalam,Engineering,15%,2.4,
1.0,7,Barak Aharonson,Management,0%,3.4,
4.8,4,Geordie Richards,Mathematics,100%,2.5,
3.9,94,Norman Dubeski,Social Science,67%,2.3,
3.1,87,Mario Monteiro,Chemistry,65%,3.1,
3.0,71,Gary Grewal,Computer Science,45%,4.2,
4.6,51,Ron Baker,Accounting,82%,3.1,
3.9,35,. Van Der Merwe,Science,85%,3.2,
4.4,24,Craig Johnson,Political Science,84%,3.1,
3.0,23,Simon Yang,Engineering,80%,2.4,
4.7,20,Elizabeth Nicol,Science,93%,2.4,
4.5,13,Joshua Lange,Computer Science,93%,2.2,
2.7,9,Vanessa Zak,Biology,34%,3.8,
2.5,2,Alyson Brown,Science,100%,2.5,
3.0,1,Michelle Dollois,Psychology,0%,5,
4.0,63,Pascal Matsakis,Computer Science,80%,4.1,
4.5,31,Denis Nikitenko,Computer Science,88%,3.4,
4.6,22,Sandra Parmegiani,Languages,95%,2.5,
2.4,15,Matthew Kreitzer,Mathematics,27%,3.3,
4.1,7,Mark Zuzinjak,Landscape Architecture amp Regional Planning,72%,4,
4.7,194,Deanna Behnke-Cook,Sociology,96%,1.8,
2.5,64,Lauren Sneyd,Geography,30%,3,
3.0,29,Wanhong Yang,Geography,100%,3.2,
2.0,2,Ella Gonzales,Studio Art,0%,3.5,
4.3,183,Jeremy Balka,Mathematics,69%,2.8,
4.3,29,Mark Harding,Political Science,87%,2.8,
3.2,56,Kalinga Jagoda,Finance,54%,3.8,
4.2,32,James Ball,Physics,82%,2.6,
4.0,11,Wojciech Gabryelski,Chemistry,100%,2.3,
2.4,583,Eveline Adomait,Economics,18%,4,
2.7,43,Shirin Moein,Mathematics,35%,3.4,
2.7,34,Nita Chhinzer,Human Resources,30%,3.8,
4.8,65,Nagham Mohammad,Mathematics,96%,2.2,
2.9,26,Leslie Ogilvie,Biology,47%,3.3,
1.9,23,Lara Watanabe,Chemistry,18%,4.1,
3.5,6,Melanie Kalischuk,Biology,67%,2.3,
3.7,22,Ruth Neustifter,Family & Human Studies,75%,2,
2.6,16,Donald Moore,English,38%,3.2,
4.6,43,Norman Smith,History,89%,2.7,
3.5,15,Ernesto Guzman,Environmental Science,55%,2.2,
4.0,5,Paul Spagnuolo,Food Science Nutrition,60%,3.6,
4.3,60,Ritu Chaturvedi,Computer Science,87%,2.3,
4.0,47,Abdelaziz (aziz) Houmam,Science,84%,3.1,
2.7,33,Luiza Antonie,Computer Science,43%,2.2,
3.5,29,Edward Koning,Political Science,69%,3.5,
4.1,25,Fei Song,Computer Science,85%,3,
2.9,21,Colby Parsons,Computer Science,43%,4.4,
4.4,54,Dominic Marner,Art History,89%,2.7,
4.2,28,Steven Seah,Science,86%,2.8,
2.7,6,Sean Kelly,Landscape Architecture & Regional Planning,50%,3.2,
4.2,5,Jennifer Murphy,Chemistry,80%,2.8,
3.5,2,Susan Glasauer,Environmental Science,50%,2.5,
2.5,52,Niel Karrow,Agriculture,31%,4.2,
4.9,31,John Lauzon,Science,100%,2.5,
1.9,30,Rick Delaat,Chemistry,20%,4,
3.3,3,Khashayar Ghandi,Chemistry,67%,3.3,
3.0,2,Logan Townsend,Food Science & Nutrition,50%,3.5,
4.7,11,Jonathan Parkes,Management,91%,2.1,
4.7,9,Mike von Massow,Economics,89%,2.6,
4.6,131,Ian Spears,Political Science,95%,3.3,
1.7,38,Jiji Varghese,Sociology,5%,4,
3.7,28,Shaun Sanders,MolecularCellular Biology,61%,3.1,
4.4,12,Abdelaziz Houman,Chemistry,84%,3.3,
3.7,10,E. Finnis,Anthropology,100%,2.7,
5.0,5,Julia Linares-Roake,Sociology,100%,1.4,
2.7,48,Femi Kolapo,History,55%,2.8,
4.6,48,Tandeep Sidhu,Sociology,90%,2.8,
2.8,40,Paola Mayer,Languages,29%,4.1,
4.2,62,Karyn Freedman,Philosophy,78%,2.7,
4.9,37,Andrea Buchholz,Nutrition,100%,2.4,
1.9,48,Shayna Skakoon-Sparling,Family Human Studies,15%,4.1,
2.9,9,Mathew Kimber,Biology,20%,4,
3.0,2,Leslie Malloy-Weir,Art,50%,3,
4.4,76,Enoka Wijekoon,Biology,86%,3.3,
4.1,14,Michael Dubé,Mathematics,86%,3.2,
3.3,129,Gary Umphrey,Mathematics,35%,3.3,
4.6,51,Elaine Chang,English,95%,3.3,
1.3,24,Laurie Manwell,Behavioral & Social Sciences,0%,4.3,
3.9,9,Sheri Adekola,Sociology & Anthropology,78%,2.4,
4.6,16,Jay Oliver,Classics,88%,2.4,
4.3,89,James Howard,Physics,80%,2.7,
5.0,13,Adam Gray,Marketing,100%,2.4,
4.6,12,Connor Gregor,Mathematics,92%,2.2,
4.8,62,Muhammad Zaman,Biology,92%,2.2,
3.7,23,Christina Smylitopoulos,Art,64%,3.7,
3.1,21,Mark Fortier,English,40%,2.8,
2.2,106,Lisa Kowalchuk,Sociology,28%,4.1,
3.6,52,Adrian Schwan,Science,63%,3.5,
4.3,20,Sonia Dhaliwal,Accounting,85%,3.3,
1.9,7,Paul Goodwin,Biology,20%,3,
3.9,88,France-Isabelle Auzanneau,Science,88%,3.3,
2.2,85,Julie Vale,Engineering,18%,4.5,
2.9,45,Pablo Ramirez,English,35%,3.7,
4.4,31,Chris Tatham,Sociology,84%,2.3,
2.5,30,Susannah Ferreira,History,27%,3.3,
4.5,24,Dawn Cornelio,Languages,80%,2.9,
5.0,8,Carrianne Leung,Writing,100%,1.6,
5.0,4,Tugce Ellialti-Kose,Sociology,100%,2.3,
4.6,49,John Walsh,Classics,82%,3.1,
2.7,37,Susan Douglas,Fine Arts,23%,3.6,
3.5,28,S Linquist,Philosophy,59%,3,
3.4,16,Kyle Bromhall,Philosophy,69%,3.6,
2.8,9,Mark Lipton,Theater,38%,3.2,
5.0,1,Yang Xu,Biology,100%,2,
3.8,45,Coral Murrant,Science,48%,3.8,
4.2,33,Sandeep Mishra,Management,85%,3.5,
3.0,1,Karina Benessaiah,Geography,0%,3,
5.0,1,Jiangnan Zeng,Economics,100%,3,
3.7,67,Peter Eardley,Philosophy,71%,3,
3.9,26,Nishan Mudalige,Statistics,88%,2.8,
4.7,35,David Walters,Sociology Anthropology,95%,2.7,
3.5,19,Ajay Sharma,Political Science,56%,2.7,
3.5,8,Alex Souchen,History,63%,2.8,
1.4,23,Jhantu Saha,Engineering,9%,3.6,
5.0,15,Ben Bradley,History,100%,2.1,
4.9,31,Sandra Scott,Accounting,100%,3.5,
4.8,15,Bruce McAdams,Hospitality,93%,1.9,
5.0,3,Blain Watters,English,100%,1.3,
4.4,132,Marcus Garvie,Mathematics,99%,2.2,
4.2,5,Leanne Chen,Chemistry,80%,4,
3.0,4,Ahzam Ali,Business,50%,2.3,
3.7,39,Thomas Sasso,Human Resources,65%,3.2,
4.4,27,John Hacker-Wright,Philosophy,84%,2.7,
4.8,23,Neil Rooney,Environmental Science,96%,2.2,
3.4,18,Gordana Yovanovich,Languages,50%,2.6,
3.2,17,Dominique Bureau,Agriculture,57%,2.3,
2.3,104,Tamara Small,Political Science,23%,4.3,
3.7,70,Sharma Ajay,Political Science,67%,2.8,
2.8,62,Thanasis Stengos,Economics,7%,4.2,
2.8,38,Mavis Morton,Criminal Justice,6%,3,
4.1,35,Jenna Penney,MolecularCellular Biology,78%,3.3,
3.1,33,Satsuki Kawano,Anthropology,64%,3,
4.9,17,Hai Tran,Marketing,100%,2.7,
4.1,10,Isabelle Azuanneau,Chemistry,80%,3.2,
4.8,4,Deirdre McCorckindale,History,100%,3,
5.0,3,Kathryn Reinders,Political Science,100%,2.3,
4.7,94,Kim Levere,Mathematics,92%,2.9,
1.5,65,Priyanka Pundir,Molecular/Cellular Biology,7%,4.7,
2.9,63,Linda Mahood,History,38%,3.1,
5.0,13,Tarek Saleh,Biomedical,100%,2.8,
2.6,11,Lewis Lukens,Biology,60%,2.9,
1.6,9,Jasmin Hristov,Sociology & Anthropology,12%,4.3,
4.0,3,Rowan Bell,Philosophy,100%,2,
4.0,2,Cathryn Spence,History,100%,4,
2.5,92,T. Ryan Gregory,Biology,26%,3.6,
3.4,46,Mark Lipton,English,55%,2.7,
4.1,10,Claudia Wagner-Riddle,Environmental Science,67%,3.5,
4.3,7,Brian Lo,Food Science & Nutrition,72%,2.4,
2.0,2,Joshua Nasielski,Agriculture,50%,3.5,
4.4,62,Benjamin Giguere,Psychology,87%,2.9,
3.6,42,Mervyn Horgan,Sociology,56%,3,
3.0,30,Deidre Rose,Anthropology,57%,2.2,
2.8,16,Prasad Daggupati,Engineering,38%,3.2,
3.5,14,Sarah Lepage,Biomedical,50%,3.9,
2.3,6,Ahmed Mahmood,Engineering,34%,3.3,
4.0,5,Margo Beckmann,English,80%,2.8,
4.0,1,Alex Smith,Ecology,100%,3,
4.0,26,Clemonell Bilayi-Biakana,Mathematics,81%,2.7,
3.6,18,M Plesca,Economics,46%,2.8,
4.7,9,Dan Grunspan,Biology,100%,1.6,
2.9,8,Kristin Patterson,Art,63%,3.3,
4.5,4,Susan Dupej,Geology,100%,1.3,
4.2,113,Victor Gulewitsch,Anthropology,90%,2,
1.3,9,Louise Hayes,Management,0%,4.9,
2.6,9,Derek O'flaherty,Chemistry,34%,4.1,
3.8,15,Chris Choi,Hospitality,100%,2.9,
4.7,9,Joshua Skorburg,Philosophy,100%,2.8,
2.0,2,Ed Sykes,Computer Science,50%,3.5,
2.3,116,Richard Delaat,Chemistry,29%,3.7,
2.7,47,Ray Lu,Science,26%,3.4,
3.1,243,Lori Jones,Chemistry,37%,3.4,
4.5,133,John Walsh,History,80%,3.3,
4.9,12,Cameron Farrow,Engineering,100%,3.2,
3.6,28,Pat Barclay,Psychology,73%,3.7,
4.0,1,Diana Lewis,Geography,100%,2,
4.8,17,Travis Steffens,Anthropology,100%,1.9,
3.5,42,Connie Zavitz,Hospitality,65%,3.8,
4.0,43,Lorraine Jadeski,Biology,87%,2.4,
4.6,11,Simone Haerri,Environmental Science,82%,2.3,
5.0,2,Rusty Evans,Accounting,100%,2,
3.5,13,William Murray,Hospitality,59%,3.6,
3.7,3,Eleni Nicolaides,Political Science,67%,3.3,
5.0,1,Erica Swyers,Languages,100%,2,
1.4,72,Theresa Lee,Political Science,7%,4.4,
2.2,27,Marwan Hassan,Engineering,25%,4.4,
4.3,18,Kieran O'Doherty,Psychology,84%,3.4,
5.0,12,Benjamin DeVries,Geography,100%,3.5,
1.9,10,Sujaya Dhanvantari,Philosophy,20%,2.6,
3.7,213,Steve Gismondi,Mathematics,69%,3.1,
2.0,84,Asha Sadanand,Economics,13%,4.6,
1.7,24,Cathy Bauman,Health Science,21%,4,
4.3,15,Nagham Mohammad,Statistics,80%,3,
3.0,14,Andrew Sherwood,Classics,36%,4.7,
4.0,10,Angela Scott,Biomedical,90%,2.4,
1.8,10,Rafael Santos,Engineering,20%,3.7,
4.3,8,Laura Favetta,Biomedical,100%,3.3,
4.1,59,David Dyck,Biology,88%,2.5,
2.7,42,Stephen Kosempel,Economics,100%,3.7,
4.5,40,Jim Uniacke,Biology,85%,2.9,
2.5,37,Nicole McCallum,Marketing,33%,3.1,
2.3,27,Brent McKenzie,Marketing,34%,2.7,
3.8,23,Catherine Carstairs,History,64%,3,
4.7,17,Emma Allen-Vercoe,Science,92%,3.2,
2.4,16,Rebecca Beausaert,History,32%,3.1,
3.6,7,Zeny Feng,Statistics,67%,2.4,
1.8,4,Ping Wu,Engineering,25%,4.5,
4.5,4,Susan Dupej,Geography,100%,1.8,
5.0,1,Kelly Mac Donald,Management,100%,1,
3.6,43,Philippe Lassou,Accounting,70%,2.9,
3.3,42,Rosario Gomez,Languages,60%,2.8,
2.2,9,Jason Kemp,Computer Science,23%,3.8,
4.2,7,Loong Tak Lim,Food Science,50%,3.3,
3.8,6,Jeremy Simpson,Health Science,84%,4,
3.2,69,Scott Duchesne,English,25%,3.1,
4.3,20,Edward Smith,History,91%,2.2,
4.5,16,Dave Snow,Political Science,94%,3,
3.2,15,Stacey Scott,Computer Science,40%,3.6,
4.3,10,Sheri Hincks,Biology,67%,3.1,
4.8,6,Bradley Ross,Sociology,100%,1.8,
5.0,6,Yang Hoong,Management,100%,1.5,
4.4,5,Saara Liinamaa,Sociology,100%,2.2,
4.8,4,Cezar Khursigara,Biology,100%,2.5,
4.8,4,Daniel O'Quinn,English,100%,4,
4.7,59,William Tam,Science,96%,3.3,
2.0,18,Sungwan Yi,Business,15%,4,
3.6,16,Towhidul Islam,Marketing,0%,2.3,
3.6,12,Cris Bravo,Behavioral & Social Sciences,67%,2.6,
5.0,2,Leslie Legge,Marketing,100%,2,
2.8,16,Jaideep Mathur,Biology,56%,3.7,
2.5,7,Galina Morozova,Environmental Science,34%,2.7,
4.0,1,Alessia Ursella,Languages,0%,4,
2.9,44,Andrew Bendall,Biology,24%,3.6,
4.4,41,William Cormack,History,100%,2.8,
2.5,26,Baozhong Meng,Science,30%,3.7,
3.6,25,Chris Fiacconi,Psychology,64%,3.1,
5.0,1,Nicola Tourangeau,Marketing,100%,2,
2.1,23,Matthew Sorbara,Molecular/Cellular Biology,27%,4.1,
4.5,15,Dorothy Odartey-Wellington,Languages,88%,2.5,
2.6,5,James Fraser,History,60%,3,
3.8,37,Boyer Winters,Psychology,91%,3.8,
2.5,28,Alexandra Harlander,Biology,38%,3.6,
2.4,28,Tara Abraham,History,25%,3.8,
4.3,19,Richard Manderville,Chemistry,84%,2.9,
2.5,19,Matthew Hayday,History,19%,4,
4.4,18,Brad Hanna,Biomedical,77%,2.6,
4.1,15,Hafiz Maherali,Biology,73%,3.9,
1.2,10,Michael Gebre,Agriculture,0%,4.7,
2.3,6,Susan Bland,Medicine,34%,3.7,
4.5,4,Mohamad Abou el Nasr,Engineering,75%,3,
3.3,44,Kim Bolton,Science,50%,2.8,
4.6,28,Manish Raizada,Agriculture,100%,2.4,
4.8,16,Clara Cho,Food Science,100%,1.5,
1.8,12,Sharada Srinivasan,Sociology Anthropology,17%,3.9,
4.1,10,Afshin Ashari,Landscape Architecture & Regional Planning,80%,4,
4.3,7,Cris Monge,Business,86%,1.7,
3.0,1,Lidiya Boteva,Languages,0%,4,
1.6,34,Agnes Zdaniuk,Business,7%,4.5,
4.4,80,Andy Robinson,Animal Biology,83%,2.6,
4.1,54,Robin Milhausen,Family Studies,73%,2.6,
2.5,46,J. Atsu Amegashie,Economics,40%,4.2,
4.6,11,Sarah Schorno,Biology,91%,2.8,
4.7,19,Joshua Mogyoros,Physics,95%,3.1,
1.2,10,Meghan Wrathall,Political Science,0%,4.4,
4.5,2,Scott Brandon,Engineering,100%,3,
3.0,2,Genevieve Desormeaux,Biology,50%,3,
4.0,1,Melanie Alpaugh,Molecular/Cellular Biology,100%,3,
3.5,140,Saba Safdar,Psychology,49%,3,
2.1,109,Mark Wineberg,Computer Science,11%,3.5,
4.3,24,James Uniacke,MolecularCellular Biology,87%,3,
2.7,87,Susan Chuang,Social Science,38%,2.3,
2.0,81,Judi McCuaig,Computer Science,13%,4,
3.6,19,Stéphanie Nutting,Languages,86%,3.1,
4.1,17,Scott Maitland,Family Relations & Human Dev.,92%,2.7,
2.7,6,John Donald,Engineering,34%,3.8,
5.0,2,Colin Cooper,Molecular/Cellular Biology,100%,4,
2.8,74,John Ferguson,Sociology,45%,3.6,
3.8,57,Burnaby Orbax,Physics,67%,2.8,
3.6,5,Hassan Khan,Computer Science,60%,3.8,
3.2,34,Francis Tapon,Economics,50%,3.3,
4.5,17,Kimberly Squires,Family amp Human Studies,89%,2.8,
5.0,11,Fred Liu,Economics,100%,3,
3.1,10,Steven Clarke,Landscape Architecture & Regional Planning,60%,4,
4.7,6,Petros Spachos,Engineering,100%,2.5,
4.0,2,Alexis Fabricius,Psychology,50%,2.5,
5.0,2,Jane Robson,Family Relations & Human Dev.,100%,1.5,
1.5,2,Nada Abduwali,Chemistry,0%,4,
4.6,41,Gregoy Bedecarrats,Agriculture,100%,2.6,
5.0,1,Anne Deckert,Animal Science,100%,2,
4.2,63,. Parnaby,Sociology,63%,3.5,
4.4,21,Anna Stanley,Geography,91%,2.3,
4.5,12,Jamie Burr,Human Kinetics,82%,2.6,
2.1,11,Andrew Wayne,Philosophy,15%,3.9,
3.8,9,Abdallah Elsayed,Engineering,67%,3.7,
5.0,2,Jackie Hamilton,Management,100%,2.5,
3.6,54,A. N. Sherwood,Literature,63%,3.7,
4.2,21,Mihai Nica,Mathematics,81%,3.4,
1.5,4,Amanda Wuth,Business,0%,2.8,
4.5,2,Ryan Briggs,Political Science,100%,2.5,
3.7,34,Leanne Son Hing,Psychology,60%,3.5,
4.1,32,Jen Lasenby-Lessard,Psychology,89%,2.9,
3.0,55,Ruben Burga,Marketing,39%,2.9,
4.0,23,Alex Maynard,Economics,72%,3.4,
4.0,15,Karine Gagne,Anthropology,80%,2.6,
3.4,5,Audrey Jamal,Management,60%,3,
2.4,5,Katerina Jordan,Agricultural Sciences,40%,4.2,
4.0,19,Mostafa Elsharqawy,Engineering,75%,3.2,
3.9,13,John Cant,Agriculture,60%,3.8,
5.0,2,Andrew Peregrine,Science,100%,2.5,
1.0,1,Julia Markham,Social Work,0%,5,
5.0,1,Scott McRoberts,Business,100%,2,
4.0,1,Katie Lebel,Business,100%,3,
4.2,139,Dan Meegan,Psychology,100%,2.8,
5.0,19,Adam Davies,Family & Human Studies,100%,2.1,
5.0,1,Lauren Weindling,English,100%,3,
4.5,14,Nikola Gradojevic,Economics,78%,2.7,
2.3,53,Robert Murison,Business,27%,4.4,
4.6,11,Naresh Thevathasan,Science,100%,1.9,
3.5,17,Stephanie Bangarth,History,0%,3.1,
1.3,9,Richard Heck,Environmental Science,12%,4.3,
1.9,34,Josef Ackerman,Environmental Science,34%,3.5,
2.4,149,Wendy Keenleyside,Science,32%,3.8,
5.0,1,Ilknur Ozalli,Philosophy,100%,2,
1.9,21,Andrea Paras,Political Science,20%,3.8,
1.5,2,Bharat Punjabi,Geography,0%,4.5,
1.3,4,Bayode Makanjuola,Biology,0%,4.8,
1.8,15,Jason Robinson,Philosophy,20%,2.6,
3.7,6,Coralie Sopher,Environmental Science,50%,2.5,
5.0,3,Catherine Dieleman,Environmental Science,100%,1.7,
5.0,1,Clara Cho,Food Science & Nutrition,100%,3,
4.7,90,Kevin James,History,95%,2.6,
2.0,4,John Kissick,Art,25%,2.8,
3.1,159,Lana Trick,Psychology,44%,3.6,
3.6,31,Vern Osborne,Agriculture,78%,2.5,
3.7,3,Enrica Aurora Cominetti,Languages,67%,3,
5.0,1,Cara Cargo-Froom,Animal Biology,100%,2,
3.5,6,Juan Wang,Marketing,60%,2.3,
2.9,71,B Ferguson,Economics,72%,3.2,
3.8,22,Naseem Al-Aidroos,Psychology,69%,3.3,
3.8,58,Francesco Leri,Psychology,56%,3.5,
2.8,14,Amanda Hooykaas,Geography,43%,3.4,
2.0,71,Shannon Carter,Music,7%,3.9,
2.3,4,Joanna Groetz,Economics,34%,3.8,
3.6,21,Jason Wilson,History,67%,3.1,
2.0,1,John Zettel,Human Kinetics,0%,4,
3.3,30,Kalinga Jagoda,Accounting,57%,3.6,
2.3,3,Ali Mahmoud,Mathematics,34%,3.7,
3.5,15,Minh Do,Political Science,67%,3.5,
5.0,2,Micheal Steele,Food Science & Nutrition,100%,2,
5.0,200,Matthew Demers,Mathematics,98%,2.3,
3.9,215,Linda Hunter,Social Science,90%,2.5,
2.3,2,Monique Deveux,Philosophy,0%,3.5,
4.9,8,Danielle McNabb,Political Science,100%,2.8,
3.3,4,Siavash Vahidi,Biology,50%,4.8,
4.3,25,Bettina Kalisch,Medicine,82%,3.4,
4.4,5,John Cline,Agriculture,100%,3,
4.0,4,Amanda Boetzkes,Art,75%,3.3,
5.0,3,Andrew Young,Environmental Science,100%,3,
3.0,31,Joan Jory,Science,55%,2.8,
4.1,14,Julia Mcarthur,Psychology,86%,2.5,
4.4,10,Kaitlyn McLachlan,Psychology,90%,2.9,
4.8,6,Madison Wright,MolecularCellular Biology,100%,1.5,
3.5,4,Jose Nuno-Ledesma,Economics,50%,4,
3.2,35,Candace Johnson,Political Science,63%,2.9,
3.3,16,Daniela Senkl,Accounting,44%,3.3,
1.4,9,Garcia Del Moral,Sociology amp Anthropology,0%,3.9,
2.5,43,Marc Zanoni,Political Science,42%,4.2,
1.8,14,Arsenio Bonifacio,Marketing,15%,2.6,
3.0,2,Nina Jones,MolecularCellular Biology,50%,4,
5.0,3,Zhenzhen Fan,Finance,100%,3,
2.8,77,Steven Crawford,Biology,25%,3.3,
4.8,2,Clarence Munford,History,100%,2.5,
5.0,3,James Longstaffe,Environmental Science,100%,2.7,
2.7,14,Jasmin Lalonde,Molecular/Cellular Biology,36%,3.5,
4.9,11,Harjinder Gill,Psychology,100%,2.7,
4.6,5,Mark Yaniszewski,Political Science,100%,3,
1.0,1,Kenneth Field,Business,0%,5,
3.6,21,Mark Fenske,Psychology,70%,3.7,
4.0,1,Kyle Rodrigues,Accounting,100%,4,
2.0,4,Stephen Henighan,Writing,25%,3.8,
3.8,27,Brandon Carroll,Languages,76%,3.8,
3.5,15,Todd Gillis,Science,67%,2.9,
2.0,13,Lev Marder,Humanities,24%,3.5,
3.7,11,Kimberly Francis,Music,40%,3,
3.6,8,James Harley,Music,0%,2.5,
4.8,5,Catherine Bush,English,100%,2.2,
5.0,2,Nikos Fatouros,Economics,100%,2,
2.3,31,Stefano Gregori,Engineering,20%,4.7,
4.0,6,Justine Keathley,Biology,84%,2.5,
4.3,3,Sara Stonehouse,Accounting,100%,2.7,
4.0,1,Eid Mohammed,History,100%,2,
2.4,8,Wael Ahmed,Engineering,38%,3.9,
3.5,8,Anisha Mahajan,Food Science & Nutrition,63%,2.8,
1.8,5,Mario Duarte,Animal Science,20%,2.6,
3.5,16,Anton Miglo,Economics,0%,2.8,
1.6,5,Nada Abdulwali,Chemistry,0%,4.6,
3.2,30,Rajesh Pereira,Mathematics,53%,3.7,
4.5,20,Dmitriy Soldatov,Chemistry,93%,3,
4.1,53,Michael Wirth,Computer Science,100%,1.8,
4.2,22,Adam Sneyd,Political Science,67%,2.9,
3.9,21,Kerry Ritchie,Human Kinetics,74%,3.4,
3.5,2,Emily Robinson,Hospitality,50%,1.5,
3.6,13,Ibrahim Deiab,Engineering,62%,3.4,
1.5,2,Quinn Webber,Ecology,0%,3.5,
4.2,36,Fangju Wang,Computer Science,95%,2.7,
4.0,59,Julie Cairnie,English,78%,2.9,
1.6,44,Erin Rock,Psychology,14%,4.3,
4.6,39,R. Sylvain,Anthropology,50%,2.5,
4.4,10,Alexander Bardelcik,Engineering,90%,2.5,
4.0,2,Kim Bolton,Agricultural Sciences,100%,2.5,
5.0,1,Jade Da Costa,Sociology,100%,3,
4.7,12,Tami Martino,Biomedical,100%,2.6,
2.2,5,Alena Barysevich,Languages,20%,3.4,
1.8,5,Scott Ryan,MolecularCellular Biology,20%,4,
3.8,8,Ca Spence,History,75%,2.9,
3.5,4,Marsha Hinds-Myrie,Languages,50%,2.8,
1.0,4,Huan Yang,Physics,0%,3.5,
4.7,7,Tricia Van Rhijn,Family Human Studies,86%,2.4,
3.5,2,Stephanie Villers,Marketing,100%,2,
5.0,2,Aidan Lockhart,Sociology,100%,1,
4.0,26,Lianne Foti,Marketing,74%,2.9,
2.3,44,Warren Stiver,Engineering,25%,3.9,
4.3,25,Hussien Abdullah,Engineering,100%,1.8,
4.4,7,Carole Ann Lacroix,Biology,100%,3.4,
1.2,6,Erica Pensini,Engineering,0%,3.7,
1.9,15,Krassimir Yankulov,MolecularCellular Biology,22%,4.7,
2.3,3,Mallory Terry,Psychology,34%,3.3,
4.4,44,Massimo Marcone,Science,85%,1.9,
3.6,10,Leonid Brown,Science,100%,3.3,
5.0,6,Jonathan Jones,Psychology,100%,2,
4.3,4,Steve Brown,Science,100%,2.5,
4.5,2,Albert Jiang,Engineering,100%,2,
2.8,20,Donald Bruce,Art,45%,2.9,
5.0,1,Alexander Meek,Economics,100%,2,
4.1,43,Tim Mau,Political Science,67%,3,
2.8,69,Gregor Campbell,English,50%,3.1,
4.0,16,Eric Nost,Geography,75%,2.8,
4.5,2,Victor Gulescwitch,Anthropology,100%,3,
4.2,30,Alfons Weersink,Economics,25%,3.1,
3.6,23,Kathryn J Stuttaford,Chemistry,50%,3.5,
1.8,5,Renuka Karunagoda,MolecularCellular Biology,40%,2.4,
3.0,2,Robert Hanner,Biology,50%,4,
1.3,4,Hanne Goetz,Science,0%,3.5,
1.9,19,Helen Hambly,Communication,12%,4.1,
3.6,15,Keith Warriner,Food Science,56%,2.9,
2.9,26,Glenn C. Fox,Economics,30%,4,
3.7,13,David Kribs,Mathematics,75%,2.8,
3.0,2,Jon Wong,Engineering,0%,2,
4.0,38,John Russon,Philosophy,65%,2.9,
4.6,18,Tuuli Kukkonen,Family & Human Studies,100%,2.7,
2.3,3,Taigan MacGowan,Family & Human Studies,0%,3.3,
4.3,26,Kathleen Rodenburg,Economics,92%,2.8,
4.5,25,David MacDonald,Political Science,88%,2.3,
3.8,5,Abdelkrem Eltaggaz,Engineering,60%,2.6,
1.5,45,T Genc,Economics,43%,4.4,
4.7,29,Michael Rogers,Science,100%,3.1,
1.0,1,Paulina Garcia Del-Moral,Sociology,0%,3,
3.7,41,Stephen Powell,English,15%,3.5,
2.8,49,Dean Ray,Sociology,45%,3.8,
5.0,3,Stasia Stempski,Landscape Architecture & Regional Planning,100%,1.3,
5.0,2,Brendan Stewart,Landscape Architecture & Regional Planning,100%,2.5,
5.0,1,Anna Lee-Popham,English,100%,1,
4.8,6,Graham Holloway,Human Kinetics,100%,3,
3.5,19,Getu Hailu,Business,78%,3,
3.2,78,Stephanie Howells,Sociology,60%,3.5,
1.1,22,Sameer Al-Abdul-Wahid,Physics,0%,4.5,
3.7,7,Sherri Cox,Biology,72%,2.1,
4.8,31,Stephen Lewis,Psychology,100%,2.5,
4.9,8,Cam Farrow,Engineering,100%,2.9,
4.4,8,John Barta,Medicine,100%,4.1,
2.5,4,Alejandro Marangoni,Science,0%,3.8,
4.7,7,Emerson Lacroix,Sociology & Anthropology,86%,2.6,
3.7,3,Ben O'Hara,Landscape Architecture Regional Planning,100%,1,
2.9,19,Rozita Dara,Computer Science,25%,3.4,
2.5,4,Peter R. Tremaine,Chemistry,0%,2.8,
4.7,9,Evadne Kelly,Theater,89%,2.4,
2.5,31,Medhat Moussa,Engineering,43%,3.9,
4.6,5,Michael Rogers,Food Science,100%,3.4,
2.2,5,Tyler Pennock,English,20%,4,
5.0,1,Paul Barrett,English,100%,3,
1.8,12,Davar Rezania,Management,17%,4.2,
4.2,40,Ruediger Mueller,Languages,0%,3.6,
3.2,6,Roberta Hawkins,Geography,40%,3.3,
3.9,58,Laurent Cellarier,Economics,83%,3.4,
4.7,41,Ryan Broll,Sociology,98%,2.7,
2.8,12,Jian Zhou,Marketing,46%,2.3,
4.3,37,John Vessey,MolecularCellular Biology,90%,2.8,
3.3,7,Kathryn Preuss,Chemistry,50%,3.1,
4.3,6,Andrew Binns,Engineering,84%,2.2,
3.6,8,Hermann Eberl,Mathematics,100%,3,
4.5,47,Andrew Bailey,Philosophy,82%,2.9,
3.7,37,David Calvert,Computer Science,43%,2.8,
3.8,6,Nicholas Manuel,Economics,67%,3.7,
3.8,4,Angela Canovas,Animal Science,75%,2,
4.3,3,Kimberley McLeod,Theater,100%,2,
4.0,1,Shauna Kechego-Nichols,Languages,100%,3,
2.0,2,Lawrence Goodridge,Food Science,0%,3.5,
4.1,14,Mary Decoste,Languages,67%,3.1,
4.3,16,Christian giroux,Fine Arts,100%,3.1,
4.0,12,Maya Goldenberg,Philosophy,80%,3.3,
2.8,8,Greg Klotz,Computer Science,72%,3,
5.0,1,Akshay Chadha,Computer Science,100%,5,
2.4,93,Pat Martin,Economics,9%,3.7,
4.5,13,Margot Irvine,Languages,67%,2.8,
3.3,62,Bob Dony,Engineering,50%,3.3,
3.2,18,Jennifer Murray,Psychology,56%,3.6,
4.1,25,Lori Vallis,Science,85%,3.3,
3.0,74,Jaclyn Cockburn,Geography,54%,3.3,
1.1,40,Elizabeth Lee,Agriculture,4%,4.3,
3.8,11,Justine Tishinsky,Biology,73%,2.5,
2.8,22,Stefan Kycia,Physics,60%,3.5,
4.9,21,Robert McLean,Business,96%,2.4,
4.5,8,Jennifer Knelman,Music,75%,2,
4.4,14,Kate Parizeau,Geography,75%,2.5,
2.7,3,Elijah Kiarie,Animal Science,34%,3.3,
4.6,37,Michelle Elleray,English,100%,2.7,
4.7,3,Hong Li,Economics,100%,2.7,
4.7,25,Aaron Berg,Geography,100%,2.5,
4.9,11,Melanie McCaig,Management,100%,2.3,
4.3,4,Wes Lindinger,Languages,100%,3.3,
4.9,19,Alison Duncan,Science,100%,2.5,
3.5,46,Kurt Annen,Economics,100%,4.2,
4.5,2,Carla Gidding,Geography,100%,2,
2.0,20,Sheng Yang,Engineering,25%,4.3,
4.4,17,Katherine Marczenko,Chemistry,89%,3,
1.8,41,Omid Shabani,Philosophy,8%,3.8,
1.7,39,Elizabeth Clancy,Psychology,11%,3.9,
1.0,3,Greg Cullen,Sociology,0%,3.3,
3.0,2,Karson Thériault,Biomedical,50%,4,
4.3,8,Eduardo Ribeiro,Animal Science,88%,3.3,
4.0,37,John Livernois,Economics,100%,3,
2.0,26,Louise Grogan,Economics,28%,3.3,
4.1,12,Ellen Waterman,Music,0%,3.2,
4.5,4,Katie Wood,Animal Science,100%,2.5,
5.0,1,Jason White,Music,100%,4,
2.0,1,Devin McCarthy,Human Kinetics,0%,3,
4.5,2,Steve Mattucci,Engineering,100%,2.5,
1.0,1,Allyson Andrade,Psychology,0%,3,
2.6,11,Robert Murison,Accounting,63%,4.3,
3.3,4,Melissa Perreault,MolecularCellular Biology,50%,2.5,
5.0,1,Haleh Vahedi,Engineering,100%,1,
4.9,7,Tyler Pritchard,Psychology,100%,2.4,
4.5,8,Sierra Dye,History,88%,2.6,
4.5,31,Carl Svensson,Science,100%,2.1,
2.2,6,Caitlyn Osborne,Family & Human Studies,50%,2.3,
4.8,50,Gerarda Darlington,Mathematics,93%,2.3,
1.6,5,Brita Ball,Food Science,20%,4.4,
1.3,11,Yoshi Mine,Science,0%,4.5,
1.0,2,Kate Stuttaford,Chemistry,0%,5,
5.0,2,Kelsey Spence,Science,100%,2.5,
5.0,2,Katya Pogrebtsova,Psychology,100%,3,
4.6,8,Sara Wick,Accounting,88%,3.6,
4.3,7,Renee Bergeron,Animal Biology,86%,1.9,
5.0,1,Sylvanus Afesorgbor,Family & Human Studies,100%,2,
4.5,7,Mir Lotfi,Management,84%,2,
4.6,112,Martin Williams,Physics,100%,2.5,
2.4,5,Dave Wolyn,MolecularCellular Biology,40%,3.8,
4.2,21,Ilias Tsiakas,Economics,75%,2.9,
5.0,3,Rene Kirkegaard,Economics,100%,4.7,
3.5,6,Joy Leschiutta,Human Development,67%,1.8,
5.0,1,Alyssa Woods,Music,100%,3,
5.0,1,Ryan Bruce,Music,100%,3,
3.6,30,Fantahun Defersha,Engineering,73%,2.6,
3.1,7,Tanya Mark,Marketing,40%,4.4,
3.9,20,Carol Anne Hendry,Psychology,64%,2.4,
4.5,27,Shelley Hunt,Science,74%,1.7,
3.2,49,Sandra Singer,English,63%,3,
4.5,6,Jennifer Geddes-Mcalister,Biology,100%,2.7,
3.8,62,Peter Goddard,History,80%,3.1,
3.7,52,Paul Salmon,English,84%,2.3,
3.3,25,Soha Moussa,Engineering,28%,3.6,
3.5,24,Radu Muresan,Engineering,86%,3,
5.0,1,Pavneesh Madan,Biomedical,100%,3,
1.0,3,Talat Genc,Economics,34%,3.7,
4.0,1,Christine Wildman,Social Science,100%,1,
5.0,1,Cassidy Wideman,Psychology,100%,1,
3.0,1,Micheal Steele,Agriculture,100%,3,
3.0,2,Tessa Neilson,Business,50%,3,
4.8,5,Tariq Akhtar,MolecularCellular Biology,100%,3,
4.7,3,Adam Bonnycastle,Geography,100%,2.3,
5.0,2,Rima Hanna,Psychology,100%,2,
4.1,67,Alan McDougall,History,80%,2.8,
3.5,20,Beren Robinson,Biology,40%,3.7,
1.0,2,Taslima Nasreen,Accounting,0%,2.5,
2.0,1,Gennedy McGracken,Political Science,0%,5,
4.1,30,Martina Meyer,Art,81%,2.5,
4.1,24,Sofie Lachapelle,None,100%,2.4,
4.3,3,Eden Hambleton,Languages,67%,2.3,
5.0,4,Sara Epp,Landscape Architecture amp Regional Planning,100%,2.3,
1.0,1,Sara Reynen,Management,0%,4,
4.0,12,Mark Habash,Biology,84%,2.9,
1.7,11,Mei Li,Economics,12%,3.8,
3.6,5,Sushma Dusowoth,Languages,60%,3,
4.0,19,David Green,Family & Human Studies,74%,2.2,
5.0,3,Chantel Ritter,Psychology,100%,2.7,
4.7,29,Scott Colwell,Marketing,100%,2.1,
2.8,8,Tony Berto,Theater,50%,2.3,
3.3,32,Deborah Stacey,Computer Science,50%,3.2,
5.0,1,Shelleanne Hardial,Art,100%,3,
1.3,3,Casandra Bryant,Environmental Studies,0%,3.7,
3.5,11,Graham Taylor,Engineering,0%,4,
4.6,5,Martin Holland,Landscape Architecture & Regional Planning,100%,3.6,
4.2,5,leah bent,Biology,80%,4.2,
3.0,4,Carmen Ho,Political Science,0%,3.3,
4.0,1,Gennady McCracken,Philosophy,100%,3,
2.0,2,Donna Wood,Psychology,0%,3,
1.0,2,Patty Kedzierski,Animal Science,0%,4.5,
2.2,54,Dan Thomas,Science,0%,3.7,
5.0,2,Kate Marczenko,Chemistry,100%,4.5,
1.4,23,Chong Gan,Statistics,9%,4.8,
1.3,3,Mehrdad Hajibabaei,Biology,0%,4.7,
3.2,9,Adam Sparks,Psychology,56%,2.2,
4.4,19,Alex Smith,Biology,75%,3.1,
3.7,7,Wendy Pearson,Animal Biology,72%,3.4,
3.4,5,Michael Emes,Chemistry,60%,3.8,
1.0,4,Rakal Sarker,Economics,0%,4.3,
4.4,5,Marc-Andre Gagnon,History,80%,2.4,
3.9,18,Glen Pyle,Science,25%,3.4,
4.5,2,Lawrence Hill,English,100%,4,
1.7,3,Shuo Liu,Political Science,0%,5,
3.5,2,John Donlald,Engineering,50%,2.5,
1.0,1,Al Wahid,Physics,0%,5,
2.1,19,Dawn Dietrich,Geography,22%,3.7,
2.7,17,Don Dedrick,Philosophy,100%,3.2,
4.0,1,Tanja Samardzic,Psychology,100%,4,
3.0,2,Kyle Novak,Philosophy,50%,3.5,
4.3,17,Matthew Vickaryous,Biomedical,100%,3.4,
2.8,15,Sky Gilbert,Theater,100%,3.1,
5.0,5,Robert Minatel,Philosophy,100%,2.4,
4.3,5,Jon Warland,Science,100%,2.8,
2.5,2,Nigel Raine,Environmental Science,50%,3,
5.0,1,Phillip Loring,Anthropology,100%,2,
3.0,1,Thomas Hsiang,Environmental Science,0%,4,
1.0,1,Silvia Sarapura,Landscape Architecture & Regional Planning,0%,3,
4.7,14,Neil MacLusky,Biomedical,84%,2.6,
3.9,5,Jon Schimidt,Environmental Science,100%,3.2,
2.0,1,Lauren Grant,Medicine,0%,3,
5.0,1,Georgina Cox,Biology,100%,3,
1.1,20,James Fraser,Computer Science,0%,4.5,
3.8,33,Ross McKitrick,Economics,84%,3,
3.6,11,Syeda Tasnim,Engineering,75%,2.5,
5.0,5,Jim Petrik,Biomedical,100%,3,
2.3,12,Leslie Allin,English,34%,4.4,
4.0,16,Alireza Talebi,Accounting,45%,3.1,
5.0,1,Olivia Peters,Social Science,100%,3,
2.7,48,Karen Wendling,Philosophy,27%,3.5,
4.6,21,Mark Yanisziewski,Political Science,100%,2.6,
1.9,75,Michelle Preyde,Social Science,5%,4,
1.7,27,Teresa Crease,Science,0%,4.1,
3.9,55,Anneke Olthof,Psychology,77%,2.6,
3.9,36,Bill O'Grady,Social Science,60%,2.7,
3.8,5,Matt Steffler,Physics,60%,3,
4.0,3,Stacey Colliver,Political Science,67%,3.7,
3.4,25,Jinzhong Fu,Science,90%,3.1,
2.0,1,Victoria Fritz,Sociology & Anthropology,0%,2,
4.8,15,Spencer Henson,Economics,100%,2.8,
5.0,1,Paul McNicholas,Mathematics,100%,1,
5.0,1,R. Mottin,Psychology,100%,4,
3.2,58,Jennifer Schacker,English,38%,3.2,
3.9,17,Jeffrey Spence,Psychology,89%,3,
3.4,13,Jacqueline Murray,History,0%,3.5,
3.8,34,David Stanley,Science,15%,3.3,
1.1,8,Peter Kim,Statistics,0%,4.1,
3.3,31,Simon Day,Hospitality,59%,3,
5.0,15,Jordan Ho,Psychology,100%,1.6,
5.0,1,Mauricio Seguel,Medicine,100%,4,
1.7,27,Linda Chiasson,Marketing,16%,4.2,
1.0,3,Summit Bose,Marketing,0%,3.3,
5.0,2,Rui Huang,Chemistry,100%,2,
3.8,9,James Carl,Studio Art,60%,3.7,
3.3,3,Lee-Ann Huber,Animal Science,34%,4.3,
3.5,8,Michael Follert,Sociology & Anthropology,63%,2.4,
5.0,2,Kelsey Spence,Health Science,100%,2,
5.0,1,Sarah Wootten,Biology,100%,3,
3.7,54,Zoe Zhu,Computer Science,19%,2.2,
4.6,41,Lorna Deeth,Statistics,91%,3.1,
4.7,6,Youbin Zheng,Agriculture,100%,1.7,
3.8,3,Aaron Fazekas,Biology,100%,2.7,
2.5,4,Kristel Thomassin,Psychology,50%,3.3,
2.9,7,Robert Corry,Architecture,34%,3.7,
5.0,6,Mehran Haeri,Molecular/Cellular Biology,100%,2,
3.0,2,Karen May,Landscape Architecture & Regional Planning,50%,4,
4.3,33,Karen Houle,Philosophy,80%,3.1,
4.5,44,Kenneth Dorter,Philosophy,72%,2.8,
3.6,52,John Dawson,Science,78%,3.3,
4.8,119,D Walters,Social Science,100%,2.7,
3.2,39,Monica Gabriela Cojocaru,Mathematics,10%,3.1,
4.2,58,Elliott Currie,Accounting,59%,2.6,
3.5,44,Ira Mandell,Science,73%,3.9,
5.0,4,Syed Rashdee,Engineering,100%,2.3,
5.0,1,Pilar Rodriguez Mata,Languages,100%,2,
4.8,34,Denise Mohan,Languages,100%,2.4,
4.4,58,Karen Racine,History,73%,2.6,
3.7,10,Lara Genik,Psychology,70%,3.4,
5.0,5,Andrea Breen,Social Science,100%,2,
3.0,4,Faisal Khamis,Statistics,50%,3.5,
4.5,28,Janine Clark,Political Science,91%,3.3,
2.3,34,Maher Kassem,Physics,30%,4,
2.5,15,Georgia Mason,Animal Science,25%,3.3,
3.1,28,Jeffery Klaehn,Writing,100%,3,
2.2,18,John Dwyer,Social Science,17%,3.7,
3.1,11,Arthur Hill,Science,50%,3.3,
2.8,2,Michael Denk,Chemistry,0%,3.5,
4.4,6,Don Mercer,Science,100%,3.2,
2.6,31,Amy Butchart,Women's Studies,37%,3.2,
4.4,135,Deborah Woodman,Sociology,100%,2.5,
5.0,2,Anastasia Stellato,Biomedical,100%,3,
5.0,1,Laura Castellani,Human Kinetics,100%,3,
2.0,4,Anthony Incognito,Biomedical,25%,4.5,
3.2,5,David Flatla,Computer Science,60%,1.8,
2.4,10,Dennis Muecher,Physics,30%,3.9,
1.6,4,John Lundy,Philosophy,0%,4.3,
5.0,4,Michael Lever,Management,100%,2,
3.3,9,Susan Brown,English,50%,4,
4.0,1,Ashleigh Weeden,Women's Studies,100%,2,
4.0,1,Brady Reid,Sociology amp Anthropology,100%,2,
4.3,4,Myrto Kasioumi,Economics,75%,3.8,
5.0,3,Christina Caruso,Biology,100%,3.3,
2.5,41,Mark Baker,Biology,20%,3.9,
3.4,38,Joe Colasanti,Science,86%,2.7,
4.5,15,Alison Crerar,Culinary Arts,86%,3.2,
3.5,2,Dalia Khoury,Food Science & Nutrition,100%,4,
1.0,1,Istvan Rajcan,Agriculture,0%,5,
3.2,14,Bonnie Mallard,Biology,40%,4,
4.7,11,Mike Hoy,Economics,100%,3.3,
4.3,7,Natalie Evans,Philosophy,100%,1.6,
4.0,50,Mark Baker,Chemistry,45%,3.2,
2.6,10,Lynda Ashbourne,Family & Human Studies,40%,3.2,
4.5,19,Alastair Summerlee,None,100%,2.8,
1.8,19,Myrna Dawson,Sociology,11%,3.4,
3.9,4,Tony Desmond,Mathematics,0%,2.8,
1.7,31,Peter Kim,Mathematics,0%,3.8,
2.9,30,Steffi Hamann,Political Science,45%,3.9,
2.7,36,Robert Reed,Chemistry,39%,3.6,
2.9,23,John Fryxell,Science,34%,3.8,
3.6,9,Andrew Robinson,Philosophy,100%,1.6,
4.3,21,Jamie Lee,Economics,91%,3.3,
1.5,16,Michele Bowring,Business,7%,2.8,
5.0,1,Jen Hayton,Accounting,100%,2,
3.4,7,Amirali Kani,Marketing,58%,2.7,
4.0,9,Vinay Kanetkar,Marketing,67%,2,
3.9,5,Lisa Robertson,Biomedical,67%,3.6,
3.7,15,Fred Laberge,Biology,100%,3.3,
4.9,11,Harry Gaebler,Mathematics,100%,3.1,
3.3,3,Ashutosh Singh,Engineering,67%,2.3,
3.9,15,Danny O'Rourke,Political Science,50%,3.1,
3.4,8,Dongshin Chang,Theater,100%,3.4,
3.9,4,Amy Newman,Biology,67%,3.3,
3.2,12,Johanna Goertz,Economics,67%,3.4,
3.0,1,Hari Simha,Engineering,0%,4,
2.6,14,Sandra Rechico,Fine Arts,50%,3.9,
4.4,25,Ian Duncan,Science,100%,2.9,
5.0,2,Aaron Tang,English,100%,1.5,
3.1,7,Michael Breward,Accounting,0%,3,
3.0,1,Kylie Luska,Chemistry,0%,5,
1.8,4,Brenda Elias,Family & Human Studies,25%,2.8,
4.5,7,Susan Dobson,Fine Arts,100%,3.6,
2.0,57,Allan Willms,Mathematics,13%,4.5,
3.5,4,Dean Vannelli,Engineering,0%,1.8,
4.5,4,Xiaodong Lin,Computer Science,75%,3,
3.5,105,Carol Dauda,Political Science,84%,3.1,
3.2,11,Lindsay Plater,Psychology,55%,4,
4.1,44,Troy Riddell,Political Science,100%,2.8,
3.3,38,Tim Struthers,English,63%,2.9,
3.4,5,Woomi Jo,Hospitality,60%,1.6,
3.9,7,Andrea Chance,Accounting,0%,2.7,
5.0,2,Jessica Reid,Family & Human Studies,100%,3,
4.5,2,James Templeman,Animal Science,100%,1,
3.7,32,Daniel Ashlock,Mathematics,67%,2.7,
3.7,6,Danyelle Liddle,Food Science Nutrition,67%,3.2,
1.0,5,C. Limebeer,Psychology,0%,4.6,
3.3,3,Anna Dawczyk,Psychology,34%,3.3,
4.3,38,John Potvin,Art History,78%,3.9,
4.7,24,John Lindsay,Geography,100%,3.2,
2.3,22,Erna Van Duren,Accounting,34%,3.8,
3.0,91,Michelle Dumas,Sociology,42%,3.1,
3.7,67,Jamie Gruman,Hospitality,65%,3.8,
1.0,1,Melissa Choubak,Psychology,0%,4,
3.0,1,William O'Grady,Criminal Justice,100%,3,
4.0,4,Alicia Viloria-Petit,Biomedical,100%,2.8,
1.0,2,Melisa Choubak,Psychology,0%,4,
5.0,5,Faisal Moola,Geography,100%,2.8,
4.4,10,Gale Bozzo,Agribusiness,34%,2.6,
1.0,1,Heather Hood,Psychology,0%,3,
5.0,1,Warren Dodd,Science,100%,2,
3.4,5,Jing Lu,Accounting,60%,3.2,
2.3,16,Ayesha Ali,Statistics,25%,4,
2.6,9,Edward Phillips,Music,100%,4.4,
2.6,21,Bahram Gharabaghi,Engineering,67%,3.5,
2.9,7,Hadis Karimipour,Engineering,58%,3.9,
3.7,24,Hongde Zhou,Engineering,100%,3.2,
4.0,4,Scott McEwen,Biomedical,75%,2.8,
1.0,1,Belinda Ward-Campbell,Biology,0%,3,
5.0,1,Joe Grabowski,Biology,100%,1,
5.0,14,Francois Tardif,Science,100%,1.6,
4.9,12,Andrew Gadsden,Engineering,100%,3.8,
4.4,8,Erin Watson,Family & Human Studies,75%,3,
4.5,171,Joe Prokipcak,Science,96%,2.8,
2.8,24,Lucy Mutharia,Science,34%,3.8,
3.1,10,Andreas Boecker,Agriculture,58%,3.4,
4.7,6,Andrea Brumwell,MolecularCellular Biology,100%,2.8,
1.0,4,Paulo Palombo,Business,0%,3.8,
2.3,7,Cinda Gault,English,0%,4,
5.0,1,Qin Xu,Economics,100%,3,
3.8,5,Elizabeth Kurucz,Management,80%,2.2,
5.0,1,Laura Pin,Political Science,100%,4,
3.4,62,Karl Hennig,Psychology,48%,3.1,
4.8,19,Bill Vanheyst,Engineering,100%,3.3,
4.5,12,Ryan Clemmer,Engineering,100%,3,
2.0,9,Sheng Chang,Engineering,0%,3.9,
5.0,2,Joan Flaherty,Tourism Management,100%,1.5,
3.8,23,Brady Deaton,Economics,50%,2.9,
4.0,22,Rob Deardon,Mathematics,43%,3,
1.0,13,Khurram Nadeem,Statistics,0%,4.7,
2.0,1,Kimberley Goh,Psychology,0%,4,
2.0,1,Robert McLaughlin,Biology,0%,2,
4.2,45,Alan Gordon,History,50%,2.9,
3.2,24,Joubert Satyre,Languages,90%,2,
3.5,19,Chris Caruso,Science,50%,2.1,
4.7,16,Kimberly Wilson,Gerontology,100%,3.1,
4.8,8,Ian Tetlow,Biology,100%,2.4,
2.0,3,Moira Ferguson,Biology,0%,3.3,
4.0,1,Rogier Holtermans,Business,100%,3,
5.0,1,Kirby Calvert,Geography,100%,3,
3.6,4,Fraser Summerfield,Economics,100%,4,
3.2,8,Geoff Stevens,Political Science,75%,2.9,
3.4,34,Andrew Hathaway,Criminal Justice,55%,3.2,
3.8,36,Danny O'Quinn,English,75%,3.8,
4.0,4,Jeremy Levick,Mathematics,75%,3.2,
3.4,25,. Shabaini,Philosophy,0%,3.2,
4.0,5,Dionne Brand,English,50%,2.4,
2.2,8,Richards G. Zytner,Engineering,0%,3.3,
4.0,19,Jade Ferguson,English,100%,3.4,
3.5,16,Annette Nassuth,Biology,25%,2.8,
4.7,4,Chris Clifford,Theater,100%,2.5,
2.4,15,Ming Fan,Animal Science,50%,3.2,
3.2,15,Henry Thille,Economics,34%,3.6,
1.5,2,Marion Joppe,Hospitality,0%,2.5,
4.0,39,John Saville,Computer Science,58%,2.2,
4.5,2,Eric Lyons,Biology,100%,3,
2.6,11,Paul Rowntree,Chemistry,12%,3.6,
3.1,11,Sandra Sabatini,English,0%,2.7,
3.8,4,Amin Komeili,Engineering,75%,3.2,
4.7,3,Chaoyi Chen,Business,100%,3.7,
5.0,2,Jinuk Oh,Management,100%,2,
2.8,15,Marcel Schlaf,Chemistry,75%,4.1,
1.9,7,David Lubitz,Engineering,0%,4.7,
1.5,4,Geoffrey Stevens,Political Science,0%,2.8,
4.5,6,Peter Smith,Biology,100%,3.5,
2.8,11,Anne-Sophie Troit,Languages,46%,3.4,
2.0,1,Ahmed Shaltout,Engineering,0%,4,
3.0,1,Roberta Cauchi-Santoro,Languages,0%,3,
1.5,4,Dana Rea,Computer Science,0%,1.2,
3.1,13,Roy Danzmann,Biology,0%,3.3,
5.0,3,Trisha Einmann,Sociology & Anthropology,100%,3,
4.0,4,Chris Quinn-Nilas,Family Human Studies,75%,2,
3.0,14,Scott Van Wagner,Marketing,100%,3.5,
2.6,30,Paula Barata,Psychology,36%,2.7,
4.6,7,Mohammed Biglarbegian,Engineering,100%,3.7,
4.0,21,Gard Otis,Environmental Science,0%,3,
1.0,1,Ash Navabi,Economics,0%,4,
5.0,3,Vivian Shalla,Sociology,100%,1.3,
4.6,6,Patrick Kelly,Human Resources,100%,3.3,
2.3,33,Paul Anglin,Economics,34%,3.7,
5.0,2,Logan Fromm,History,100%,4.5,
1.1,10,Julie Poon,Women's Studies,0%,3.4,
2.3,6,Marianne Staempfli,Environmental Studies,20%,3.8,
2.6,4,Ralph Gellert,Physics,0%,4,
2.3,6,Allan Foerster,Accounting,20%,4.8,
2.0,1,Ellen Choi,Human Resources,0%,4,
4.2,3,Alban Bargain-Villeger,History,100%,2.7,
2.5,23,Lucy Sportza,Geography,0%,3.3,
4.2,20,Howard Spring,Music,0%,2.7,
5.0,1,Larissa Panetta,Psychology,100%,1,
1.0,2,Eric Lyons,Agriculture,0%,3.5,
3.0,2,Tangi Migot,Mathematics,50%,4,
5.0,1,Iris Joye,Food Science,100%,4,
2.3,8,Adeel Mahmood,Accounting,43%,3.8,
3.0,14,Larry Harder,Landscape Architecture & Regional Planning,25%,4.3,
2.3,3,Leigh Brownhill,Sociology,100%,3.7,
4.4,6,Noella Gray,Geography,100%,2.2,
3.2,6,Mark Juhasz,Sociology,50%,3.3,
4.0,8,Michele Oliver,Engineering,100%,2.6,
5.0,2,Josh Leblanc,Management,100%,2,
3.3,21,Alain Thomas,Languages,100%,3.7,
3.8,10,Min Hao,Languages,84%,2.8,
4.3,16,Alan Filewod,Theater,100%,2.1,
5.0,6,Annie Simpson,Sociology,100%,3.2,
4.0,3,Christopher Collier,Engineering,67%,3.7,
4.4,11,Avis Devine,Economics,88%,3.6,
4.8,5,Esther Finegan,Animal Science,100%,2.2,
4.0,26,Jay Lampert,Philosophy,0%,3.3,
2.4,5,Sandra Pericak,Family Human Studies,40%,1.6,
2.2,30,Manfred Brauer,Science,12%,4,
2.1,21,Laura Graham,Science,10%,3.4,
5.0,3,Geoffrey Power,Human Kinetics,100%,3.3,
4.1,5,Jim Squires,Biology,100%,2.6,
4.0,12,Bram Cadsby,Economics,100%,3.2,
3.6,7,Shai Barbut,Food Science,100%,4.2,
4.7,3,Andrea Bradford,Engineering,100%,2.3,
1.0,2,Amar Mohanty,Agriculture,0%,2,
1.0,1,Tony Winson,Sociology,0%,3,
3.2,18,Victoria Burke,Philosophy,50%,3.2,
4.2,7,Tammy Oakley,Psychology,100%,2.8,
3.5,33,Lefa Teng,Marketing,0%,2.1,
4.3,14,Laura Forbes,Food Science & Nutrition,0%,1.7,
3.0,2,Katie MacDonald,Sociology amp Anthropology,50%,2.5,
1.0,1,Maurice Nelischer,Landscape Architecture Regional Planning,0%,1,
5.0,3,Luc Moers,Economics,100%,3,
3.4,7,Shohel Mahmud,Engineering,80%,3.1,
4.0,2,Cynthia Scott-Dupree,Environmental Science,100%,2,
1.6,5,Haibin Zhang,Economics,20%,4.6,
2.0,5,Gregory Galay,Economics,40%,4,
2.3,7,Ann Hahnel,Biomedical,100%,4.7,
3.0,14,Leah Levac,Political Science,58%,3.5,
1.9,34,Trent Tucker,Management,29%,3.5,
3.9,6,Francine Pilon,Science,100%,4.7,
5.0,1,John Prokipcak,Chemistry,100%,3,
2.5,28,Martha Nandorfy,English,0%,3.1,
3.8,16,John Runciman,Engineering,100%,3,
1.3,9,Jeffrey O'Leary,Marketing,0%,3.2,
3.3,15,Andrew McAdam,Biology,86%,3.1,
3.9,8,Rich Moccia,Agriculture,0%,3.1,
4.0,1,Amir Alibadi,Engineering,100%,4,
3.4,9,Jason Thomas,Physics,34%,2.4,
4.0,4,Viktoriya Melnykevych,Languages,100%,2.2,
4.1,9,Casey Ford,Philosophy,75%,3.9,
2.6,7,Janis Randall Simpson,Social Science,0%,3.3,
4.6,5,Paul K. Sibley,Biology,100%,2.8,
5.0,1,Choong Yeo,Landscape Architecture & Regional Planning,100%,5,
4.2,40,Padraig O'Cleirigh,Languages,100%,2.1,
5.0,1,Trent Tucker,Business,100%,4,
3.3,18,Judith Thompson,Theater,100%,2.7,
4.8,23,Stuart McCook,History,100%,3,
3.0,1,Erna van Duren,Management,0%,2,
3.3,30,Ian Newby-Clark,Psychology,60%,3,
3.3,21,Sally Humphries,Anthropology,100%,3.5,
4.6,16,David Smillie,History,100%,3.1,
3.8,11,Andrew McEachern,Mathematics,100%,2.5,
5.0,2,Melissa Pulvermacher,Hospitality,100%,3.5,
3.4,7,Julang Li,Science,100%,2.6,
5.0,39,Edward Jones-Imhotep,History,100%,2.3,
4.6,42,Joanne O' Meara,Science,100%,2.5,
1.5,2,Saad Hossain,Human Resources,0%,1.5,
3.7,27,Melissa Gabler,Political Science,100%,3.2,
3.4,38,John Hubert,Mathematics,100%,3.6,
4.9,17,Chandler Kirwin,Fine Arts,100%,2.6,
4.2,16,Elizabeth Ewan,History,34%,2.4,
4.9,6,Rhonda Gordon,Human Resources,100%,1.3,
4.8,5,Andrea Jones-Bitton,Biomedical,100%,1.8,
4.0,1,Kelley Boddington,Science,100%,1,
4.5,2,De-Tong Jiang,Physics,100%,2.5,
4.3,3,Ed Roy,Theater,100%,3.7,
4.3,5,Eric Poisson,Science,100%,3.2,
1.4,14,Cindy Clarke,Family & Human Studies,100%,4.4,
4.0,6,Rod Merrill,None,100%,3.2,
2.8,4,George Harauz,Biology,0%,4.8,
4.5,2,Marcia Chaudet,MolecularCellular Biology,100%,3.5,
2.7,18,Yigo Sun,Economics,50%,4.1,
5.0,1,Carolyn Augusta,Statistics,100%,3,
3.9,4,Jana Levison,Engineering,100%,2.8,
3.5,9,Gordon Kirby,Science,100%,3,
3.0,1,Deborah Stienstra,Political Science,0%,5,
4.5,32,Andrew Skelton,Mathematics,79%,2.5,
3.0,17,Michael Liu,Computer Science,0%,2.9,
5.0,1,Chris McKenna,Economics,100%,3,
2.4,26,Shayna Sparling,Family Human Studies,41%,3.3,
4.3,112,Lorne Bennett,Geography,40%,2.9,
4.3,12,Monica Tapp,Fine Arts,100%,3.1,
5.0,1,Scott Mackay,Geography,100%,1,
4.5,4,Martin Pearce,Studio Art,100%,3.8,
1.5,60,Scott Brandon,Social Science,20%,4,
5.0,1,Paul Kraehling,Management,100%,3,
4.0,8,Charmain Derferd,Political Science,100%,2.9,
2.8,18,Karl Cottenie,Biology,0%,3.8,
1.7,3,J Sullivan,Agricultural Sciences,0%,4,
5.0,1,David Worden,Economics,100%,4,
4.3,3,Doug Auld,Economics,100%,2.7,
3.6,39,Richard Kuhn,Geography,0%,2.6,
1.3,9,Vladimir Bamm,Biology,12%,4,
4.7,6,Andria Jones,Science,100%,2.3,
1.8,13,Joyce Buck,Physics,0%,4.2,
5.0,1,Richard McCurdy,Health Science,100%,3,
4.7,4,Stu Oxley,Fine Arts,100%,2.3,
4.0,1,Gabhan Chalmers,Science,100%,4,
2.5,11,Julie Horrocks,Mathematics,100%,3,
3.5,2,Ryan Lafleur,Sociology amp Anthropology,50%,3.5,
5.0,1,Valencia Gaspard,Family amp Human Studies,100%,2,
5.0,1,Alyssa Rodrigo,Marketing,100%,4,
4.2,14,Christine Ekholst,History,0%,2.4,
5.0,1,Bethany Lipka,Agribusiness,100%,2,
1.0,1,Richard Mosser,MolecularCellular Biology,0%,3,
4.5,14,Joanne O'Meara,Physics,86%,3,
5.0,8,Marta McCarthy,Music,100%,2.1,
2.5,14,Reza Barmaki,Sociology,38%,2.4,
2.6,62,Edward Hedican,Anthropology,58%,2.8,
3.2,21,David Prescott,Economics,29%,3.2,
3.5,9,Doug Goff,Food Science,40%,3.4,
5.0,3,John D'Amato,Economics,100%,2.7,
3.8,20,Patricia Sheridan,Philosophy,100%,2.8,
2.3,6,Steve Bowley,Biology,25%,4,
4.3,3,Mery Perez,Design,100%,2,
4.0,30,Harald Bauder,Geography,100%,2.6,
2.0,1,Ashley Mathisen,History,0%,5,
1.9,10,Leon Kuczynski,Psychology,0%,3.7,
4.0,1,Evguenia Timoshenkova,Languages,100%,3,
3.0,1,Erin Schuurs,History,0%,3,
4.7,9,Maurice Nelischer,Environment,100%,1.6,
4.0,1,Cate Dewey,Biomedical,100%,2,
5.0,2,Victoria Taylor,Marketing,100%,1.5,
3.3,3,Joseph De Sapio,History,100%,4.3,
4.1,6,Genevieve Newton,Food Science Nutrition,100%,3.7,
3.9,23,Andrew Bretz,English,100%,3.6,
3.0,5,Manju Misra,Engineering,100%,1.8,
4.1,26,Ajay Heble,English,100%,3,
3.9,22,Jim Kirkland,Science,100%,3.5,
3.3,8,Marion Steele,Economics,100%,4,
4.4,107,Andrew Winston,Psychology,100%,2.8,
5.0,1,Stephanie Tombari,Political Science,100%,3,
1.0,1,Mary Ann Ferrer,Food Science Nutrition,0%,1,
4.7,6,Deborah Powell,Psychology,100%,2.7,
3.0,7,Janet Wood,Science,0%,4.3,
2.4,21,Anthony Winson,Social Science,100%,3.9,
4.1,12,Pat Flood,Theater,100%,2.3,
3.0,40,Ann Wilson,Theater,100%,3.1,
3.8,10,John Fitzsimons,Science,100%,2.3,
4.0,9,Patrick Case,Political Science,50%,3.5,
3.9,23,Anne Wilcock,Marketing,100%,3.5,
1.0,1,Joseph Radocchia,Business,0%,4,
4.1,5,Bharat Sud,Marketing,100%,3,
2.0,2,Max Jones,Agricultural Sciences,0%,3.5,
4.0,2,Carrie Herzog,Hospitality,100%,2,
2.9,30,Ann Lyden,Women's Studies,0%,4,
3.0,2,Anthony Thompson,Computer Science,0%,1,
4.7,4,Tina Widowski,Agriculture,100%,3.2,
4.2,21,Ben Bradshaw,Geography,0%,3,
3.3,8,Heather Parker,History,50%,3.9,
2.9,64,Dan Yarmey,Psychology,34%,3.6,
4.0,29,Jane Sprott,Sociology,0%,2.9,
1.0,2,Andrew Vince,Biomedical,0%,5,
2.7,19,Alan Watson,Biology,100%,3.5,
4.7,3,Casey Cosgrove,Human Resources,100%,2.3,
3.7,21,Robyn Pitman,Human Development,100%,2.5,
5.0,1,Mohammad Islam,Engineering,100%,3,
1.0,1,Mary Young,Landscape Architecture Regional Planning,0%,4,
5.0,1,Predrag Rajsic,Agriculture,100%,3,
2.0,6,Tanya MacLaurin,Hospitality,0%,2.8,
3.9,3,Emma Gorst,English,100%,3,
4.6,22,Suresh Neethirajan,Engineering,100%,3.1,
2.5,133,Thom Herrmann,Psychology,100%,3.1,
4.1,4,Hannah Neufeld,Food Science Nutrition,100%,3.2,
4.8,170,Jack Weiner,Mathematics,100%,2.1,
4.0,17,Paula Brauer,Social Science,100%,2.5,
4.3,3,Meghan McMurtry,Psychology,100%,3.3,
1.3,2,Cathy Rolston,Hospitality,0%,4,
4.0,4,Joe Barth,Hospitality,0%,2.3,
1.0,1,Brady Deaton,Agribusiness,0%,5,
4.7,48,Herb Kunze,Mathematics,100%,3.2,
3.4,3,Vitali Alexeev,Economics,0%,3.3,
1.0,2,Robert Ankli,Economics,0%,4,
4.3,7,Jordan Willcox,Biomedical,100%,1.9,
5.0,1,Donald Trout,Medicine,100%,4,
4.3,22,Christine Bold,English,100%,3,
4.5,24,Petko Kitanov,Mathematics,100%,1.8,
5.0,1,Anastasios Papanastasiou,Economics,100%,4,
4.0,20,Heidi Bailey,Psychology,100%,3.2,
4.8,8,Steve Sadura,Geology,100%,2.2,
3.9,123,Hank Davis,Psychology,100%,2.7,
4.3,4,Brian McBride,Animal Science,100%,3,
4.8,6,Curtis Fogel,Criminal Justice,100%,1.7,
1.0,1,Mike Dixon,Biology,N/A,4,
4.8,2,Omar Ahmed,Engineering,N/A,3,
4.0,3,Graham Brown,Sociology,N/A,3,
3.1,43,Kelly Meckling-Gill,Science,N/A,2.9,
1.4,6,Xi Chen,Human Resources,N/A,4.2,
3.4,5,Sergio Meza,Marketing,N/A,1.4,
3.5,1,James Kirkland,Food Science Nutrition,N/A,2,
4.5,31,Steven Newmaster,Science,N/A,2.6,
2.1,15,James Creechan,Sociology,N/A,2.5,
2.0,26,Francesco Braga,Agriculture,N/A,3.7,
3.4,25,Susannah Humble-Ferreira,History,N/A,3.4,
4.5,1,Mary Rogers,History,N/A,4,
1.5,6,Marian Toledo Candelaria,History,N/A,4.7,
4.5,1,Kourosh Mohammadi,Engineering,N/A,1,
2.7,11,Yang Xiang,Computer Science,N/A,3.2,
3.7,3,Bill Deen,Agriculture,N/A,3.3,
4.6,13,Michael Batu,Economics,N/A,2.5,
4.8,2,John Sherry,History,N/A,1.5,
3.8,7,Theodore Noseworthy,Marketing,N/A,4.1,
2.6,15,Charlotte McCallum,Geography,N/A,2.2,
4.3,40,David McCaughan,Computer Science,N/A,2.8,
3.8,2,Colleen Renihan,Music,N/A,3,
2.8,27,Elena Choleris,Psychology,N/A,3.1,
4.6,25,John Walton,Agriculture,N/A,2.7,
1.5,1,Rohan VanTwest,Science,N/A,4,
3.4,30,Frank Cameron,Political Science,N/A,3.4,
3.9,4,Gary Fehr,Geography,N/A,3,
2.3,32,Azad Kaushik,Medicine,N/A,3.6,
2.2,3,Yfke Pasman,MolecularCellular Biology,N/A,4.3,
3.0,29,Scott Schau,Social Science,N/A,2.9,
2.7,8,Hung Lee,Biology,N/A,4.5,
3.5,12,Lynn Carty,Accounting,N/A,2.9,
1.0,1,Christy Hempel,Sociology,N/A,4,
4.5,8,Steve Fleischauer,Continuing Education,N/A,2.8,
4.5,1,Mauricio Martinez,English,N/A,1,
4.9,10,Christian Schultz-Nielsen,Physics,N/A,3.8,
2.8,14,Ric Knowles,Theater,N/A,4.1,
3.8,38,Roderick Barron,Psychology,N/A,3.2,
4.4,44,Marc Coppolino,Biology,N/A,2.6,
4.6,6,Robert Bright,Economics,N/A,2.5,
4.3,24,Jim Atkinson,Science,N/A,3.3,
1.5,3,Karen Gough,Marketing,N/A,3.3,
2.0,4,Anne Lamontagne,Biology,N/A,4,
2.4,39,Xining Li,Computer Science,N/A,3.4,
5.0,28,Victoria Kannen,Social Science,N/A,2.6,
3.1,8,Paul Garrett,Physics,N/A,3.4,
2.8,32,Thomas Manning,Management,N/A,3.1,
3.4,8,Sandra Iacobelli,Accounting,N/A,3.1,
2.8,2,Vito Totino,Political Science,N/A,3,
3.7,11,Johnathan Vandersteen,Engineering,N/A,4.2,
4.4,15,Donna Pennee,English,N/A,3.3,
4.3,12,Gordon Hayward,Engineering,N/A,2.3,
4.3,14,Sally Hickson,Art History,N/A,2.5,
4.6,18,Byron Sheldrick,Political Science,N/A,2.4,
3.1,45,Bernie Nickel,Science,N/A,3.2,
5.0,3,Jennifer Pepper,Human Development,N/A,1.3,
4.7,5,Peter Hausdorf,Psychology,N/A,3.2,
4.1,4,Sara Mann,Human Resources,N/A,1.8,
4.4,4,Jamie Simpson,Science,N/A,2.3,
1.0,1,Eric Bronson,Sociology,N/A,4,
2.0,3,Jennifer Teng,Economics,N/A,4.3,
4.1,4,Linda Parker,Psychology,N/A,3.3,
3.4,5,Nouman Ahmad,Management,N/A,1.6,
4.4,15,Douglas Fudge,Biology,N/A,2.7,
2.0,2,Shirley Hall,Landscape Architecture & Regional Planning,N/A,3,
2.5,14,Justin Taillon,Business,N/A,3.4,
4.7,7,Mark Kaethler,English,N/A,3.7,
2.6,26,Marta Rohatynskyj,Anthropology,N/A,3.5,
5.0,9,Tom Medcof,Human Resources,N/A,1.6,
2.2,54,David Josephy,Science,N/A,4.2,
4.3,8,Jim Ballantyne,Biology,N/A,2.8,
4.0,122,Christine Schisler,Science,N/A,3.2,
4.6,5,Nicole Robbins,MolecularCellular Biology,N/A,3,
1.0,2,Kate Galloway,Music,N/A,4.5,
3.7,9,Lawrence Murphy,None,N/A,3.1,
3.3,9,Vladimir Ladizhansky,Physics,N/A,4.3,
3.6,5,Erin Allard,Psychology,N/A,1.8,
1.6,4,Niels Feuerhahn,Philosophy,N/A,4,
4.3,19,Val Allen,Business,N/A,2.9,
4.2,13,Roger Nkoa,Environmental Science,N/A,1.9,
3.8,3,Trevor Smith,Animal Science,N/A,2,
4.5,34,Joseph Mokanski,Mathematics,N/A,2.9,
4.7,3,Marc Copolino,Biology,N/A,2.7,
1.0,1,Sylvia Peacock,Sociology,N/A,4,
4.5,2,Mary Ruth McDonald,Agriculture,N/A,1.5,
2.7,10,Gerta Moray,Fine Arts,N/A,3.8,
3.7,17,Benjamin Gottlieb,Psychology,N/A,3.9,
3.0,1,Daniel Scholz,Management,N/A,3,
4.5,1,Rosemary Vanderhoeven,Marketing,N/A,1,
4.8,8,Jack Barclay,Science,N/A,2.8,
3.8,4,Ashlee Cunsolo Willox,International Studies,N/A,2.5,
3.8,15,D Mosser,Science,75%,3.3,
5.0,1,James Moon,Law,N/A,1,
4.8,41,Serge Desmarais,Psychology,N/A,2.3,
4.1,7,Fred Pries,Accounting,N/A,3,
2.5,10,Peter Kevan,Science,N/A,3.1,
1.4,6,Irene Marson,Accounting,N/A,4.2,
3.8,2,Jakub Zdebik,Art History,N/A,4,
4.9,15,C Yule,Criminal Justice,100%,2.5,
4.9,8,Gary Parkin,Science,N/A,1.9,
3.9,10,Maria Broser,English,N/A,3.5,
4.9,5,Nabeela Sheikh,English,N/A,2.8,
4.3,4,Animesh Dutta,Engineering,N/A,3.5,
4.3,32,Amir Mostaghim,Social Science,N/A,3.8,
2.9,11,Jeanne Madison,Art,N/A,3.4,
4.6,26,J Lewis,Political Science,N/A,1.8,
4.5,18,Khosrow Farahbakhsh,Engineering,N/A,2.7,
5.0,4,Tara Holland,Geography,N/A,1.5,
2.5,71,Linda Gerber,Sociology,N/A,2.6,
4.6,21,Khalil Rohani,Marketing,N/A,2.5,
1.1,6,Julio Mendoza,Agriculture,N/A,3.8,
3.8,67,Brian Wetstein,Philosophy,N/A,2.8,
2.3,11,Ramesh Rudra,Engineering,N/A,3.4,
5.0,4,Renee Webber,Chemistry,N/A,2.5,
3.8,9,Jonathan Newman,Biology,N/A,3.2,
3.5,8,Paul Voroney,Agriculture,N/A,2.5,
3.2,5,Alla Myzelev,Art History,N/A,2.6,
4.4,17,John Holbrook,Mathematics,N/A,3.1,
3.9,5,Nestor Kruger,Studio Art,N/A,3.4,
4.7,9,Alexander Shvarts,Sociology,N/A,2.2,
4.9,16,Matthew-Jim D'Elia,Marketing,N/A,2.4,
3.9,5,Reiner Schaefer,Philosophy,N/A,3.4,
3.8,2,Cecibel Rodriguez,None,N/A,1.5,
4.2,91,Joe Cunsolo,Mathematics,N/A,2.5,
4.3,3,S Hadzihasanovic,Fine Arts,N/A,4,
3.6,8,Greg Denton,Fine Arts,N/A,3,
4.5,3,Rebecca Lenihan,History,N/A,3,
3.0,2,David Schweitzer,History,N/A,4,
1.7,10,Lise Smedmor,Science,N/A,3.5,
4.0,1,Matthew Gerrard,Accounting,N/A,1,
4.7,3,ED Carter,Mathematics,N/A,1.7,
4.8,25,William Moore,Accounting,N/A,2.2,
3.8,20,Rajeni Chagar,Political Science,N/A,3,
3.8,29,Nate Perkins,Architecture,N/A,2.6,
3.0,13,Roz Stevenson,Science,N/A,3.5,
5.0,1,Anna Mosser,Biology,N/A,1,
3.7,52,Terisa Turner,Sociology & Anthropology,N/A,2.6,
4.1,8,Karen Gordon,Engineering,N/A,2.6,
4.9,6,Julia Woodhall,Sociology,N/A,2.7,
4.5,4,Trevor Bringloe,Biology,N/A,2.8,
3.8,2,Devin Penner,Political Science,N/A,3.5,
4.5,45,John Greenwood,Science,N/A,2.4,
3.6,15,Pat Wright,Science,N/A,2.5,
2.9,47,Cecil Foster,Anthropology,N/A,2.8,
5.0,2,Sean Camerson,Psychology,N/A,4,
1.6,75,Jane Robb,Science,N/A,4.3,
3.4,12,Judi Thomson,Computer Science,N/A,3.1,
3.4,17,Madonna Maidment,Sociology,N/A,3.1,
3.0,7,Paul Raymont,Philosophy,N/A,3,
3.5,1,Faycal Saffih,None,N/A,2,
1.8,2,Jennifer McTaggart,Psychology,N/A,3,
4.5,76,Douglas Adlam,Marketing,N/A,2.5,
3.1,16,Jerrard Smith,Theater,N/A,2.9,
4.9,4,Peter Kwantes,Psychology,N/A,2.3,
3.8,14,Mary Manson-Hennig,Psychology,N/A,3.4,
2.4,18,Reggie Lo,Science,N/A,4.3,
3.9,11,Sandy Ackerly,Science,N/A,3,
4.4,32,Glen Van Der Kraak,Science,N/A,2.7,
4.0,2,Lee Baxter,English,N/A,2.5,
2.9,32,Robert Balahura,Science,N/A,3.8,
4.1,28,Jeff Mitscherling,Philosophy,N/A,2.3,
4.5,2,Rebecca Hallett,Environmental Science,N/A,2,
0.0,0,Joshua Mousie,Philosophy,N/A,0,
4.8,2,Jess Riley,Theater,N/A,2.5,
4.1,8,Mayne Devine,Humanities,N/A,1.8,
5.0,16,Paul Ord,Theater,N/A,2.2,
4.5,5,Coby Dowdell,English,N/A,3,
3.0,147,Al Dyer,Computer Science,N/A,2.4,
2.2,14,Ross Nazar,Science,N/A,3.5,
3.5,8,B. Leigh Golden,Social Science,N/A,2.1,
4.5,1,Nathaniel Johnson,Mathematics,N/A,5,
3.7,5,Sharon Mayne-Devine,None,N/A,2.6,
3.2,10,Arthur Renwick,Fine Arts,N/A,4,
4.4,9,R. Lewis,Psychology,N/A,2.2,
4.5,3,Tracy Rowlandson,Geography,N/A,3.3,
4.0,1,Mary Crea,Human Development,N/A,2,
4.8,2,Trevor Copp,Theater,N/A,2,
4.6,42,Nick Westwood,Science,N/A,2.9,
3.3,25,Tom Nudds,Science,N/A,3.2,
4.0,35,Judith McKenzie,Political Science,N/A,2.6,
3.3,2,Gerry Stephenson,Science,N/A,4.5,
5.0,1,Emily Gilbert,Biomedical,N/A,4,
5.0,1,Peter Slade,Economics,N/A,2,
4.0,2,Kristy Erickson,Chemistry,N/A,3.5,
5.0,2,Celine Paris,Languages,N/A,2.5,
3.3,18,Peter Loptson,Philosophy,N/A,3.2,
2.5,12,J. L. Hunt,Science,N/A,3.2,
4.4,7,Michael Grand,Psychology,N/A,2.9,
4.3,2,Ryan Krahn,Philosophy,N/A,2.5,
3.1,11,Don MacLaurin,Hospitality,N/A,2.8,
4.9,17,L Rye,Science,N/A,2.6,
3.8,2,Almuhanad Melhim,Agribusiness,N/A,3,
4.0,4,Adam Wigdor,Sociology,N/A,4.3,
2.4,17,Janice Keefer,English,N/A,3.8,
5.0,1,Christine Josic,Political Science,N/A,1,
3.6,7,Brenda Bolliger,Social Science,N/A,3,
3.8,5,Jack Trevors,Biology,N/A,2.4,
4.1,8,Jane Londerville,Marketing,N/A,3.1,
4.5,1,Stryker Calvez,Psychology,N/A,4,
4.4,8,Frances Sharom,Molecular/Cellular Biology,N/A,2.4,
3.5,2,John Rankin,History,N/A,2,
3.0,20,Barry Smit,Geography,N/A,3.1,
3.2,5,Laurel Woodcock,Fine Arts,N/A,2.6,
3.0,1,David Wright,Science,N/A,2,
4.8,23,Terry Gillespie,Science,N/A,3.3,
3.0,20,Mike Lindinger,Health Science,N/A,2.8,
4.5,1,Ryan Rashotte,English,N/A,3,
3.3,19,Jean Harvey,Philosophy,N/A,4.1,
5.0,1,Jennifer Haines,Food Science,N/A,2,
4.5,1,Merritt Turetsky,Biology,N/A,1,
4.5,1,Stewart Skinner,Agriculture,N/A,4,
4.0,1,Margaret Lumley,Psychology,N/A,5,
4.7,14,Gary Partlow,Medicine,N/A,3.3,
3.8,2,Helen Hoy,Women's Studies,N/A,3,
4.0,12,William Gardner,Computer Science,N/A,3.3,
4.9,23,Geoff Smith,Business,N/A,2,
4.5,1,. Chau,Sociology,N/A,2,
4.5,3,Katherine Scott,Women's Studies,N/A,2,
2.8,31,Alan Belk,History,N/A,2.7,
2.9,36,Hans Bakker,Social Science,N/A,2.8,
4.3,17,Doug Joy,Engineering,N/A,3.2,
4.8,3,Katerina Koka,Economics,N/A,2.7,
4.6,15,Waldemar Scholtes,Languages,N/A,2.4,
3.2,19,Jnanankur Bag,Biology,N/A,2.7,
3.7,24,Rick Upfold,Agriculture,N/A,2.3,
4.6,8,Steven Lynch,Business,N/A,2,
3.5,2,Michael Szala,Political Science,N/A,4,
2.8,4,Carol Armstrong,Biomedical,N/A,4.5,
5.0,1,Patricia Shewen,Science,N/A,2,
3.0,12,Susan Detwiler,Fine Arts,N/A,3.6,
3.2,15,Janet Mersey,Geography,N/A,2.9,
4.0,1,Eugine-Viladimier Pluestien,Chemistry,N/A,4,
3.4,9,E Ann Clark,Science,N/A,3.3,
4.8,68,Ernie MacFarland,Science,N/A,2.4,
3.3,18,Abednego Aryee,Geography,N/A,2.2,
3.0,3,John Palmer,Economics,N/A,3.3,
5.0,2,Barbara Morrongiello,Psychology,N/A,3,
3.0,7,M Lang,Marketing,N/A,2.4,
3.2,3,John Motto,Chemistry,N/A,3.7,
3.2,13,D. A. Hadfield,English,N/A,3.5,
2.4,27,Victor Ujimoto,Social Science,N/A,2.7,
3.1,21,Michael Keefer,English,N/A,2.2,
5.0,1,Minghua Zeng,Biology,N/A,1,
4.3,3,Melanie Parkin,Psychology,N/A,2.3,
1.5,42,Catherine Ralston,Business,N/A,3.8,
2.3,13,Iain Murray,Hospitality,N/A,2.9,
5.0,4,Stanley Barrett,Social Science,N/A,3.3,
2.8,8,Leighann Neilson,Marketing,N/A,3.4,
2.4,22,Ernest Dalrymple-Alford,Psychology,N/A,4.2,
2.3,32,W. Smith,Mathematics,N/A,4.4,
2.5,21,Eleanor Chu,Mathematics,N/A,3,
4.4,5,Milena Corredig,Science,N/A,2.8,
4.2,6,Larry Schaeffer,Science,N/A,2.3,
4.2,11,Jesse Stewart,Music,N/A,1.6,
4.0,3,Len McCarthy,Music,N/A,2,
1.8,13,Paul Mulhulland,Theater,N/A,3.5,
4.1,6,Anne Milne,English,N/A,3.3,
3.1,58,Ian Lubek,Psychology,N/A,2.7,
2.0,2,John Armstrong,Science,N/A,4.5,
2.6,14,Gauri Mittal,Engineering,N/A,2.9,
2.3,11,Will Gorlitz,Fine Arts,N/A,3.5,
3.3,27,Marianne Micros,English,N/A,3.2,
3.6,4,H. Keller,Science,N/A,3.3,
3.9,10,Nigel Bunce,Science,N/A,3.4,
2.9,9,Brendan Myers,Philosophy,N/A,3.2,
4.3,9,Diane De Kerckhove,Physics,N/A,2.4,
4.3,40,Linda Allen,Mathematics,N/A,2.1,
4.1,18,Bill Frisbee,Marketing,N/A,3.7,
5.0,6,Peter Johnston,Fine Arts,N/A,2.8,
4.5,3,Joseph Tindale,Social Science,N/A,3,
1.9,15,John Leifield,Marketing,N/A,4.5,
2.4,20,Ken Menzies,Social Science,N/A,3.7,
3.4,23,Fred Ramprashad,Science,N/A,3.8,
3.6,10,Stew Hilts,None,N/A,2.2,
1.9,6,Lambert Otten,Engineering,N/A,4.2,
4.8,19,Greg Kelley,English,N/A,1.9,
3.4,47,Rick Bates,Accounting,N/A,3,
2.0,2,Andreas Tomaszewski,Sociology,N/A,1.5,
3.7,3,Shane Golden,Culinary Arts,N/A,2.7,
4.0,2,Nora Klemencic,Psychology,N/A,2,
2.5,2,Ninette Gyorody,Art History,N/A,3,
3.4,13,Ray McBride,Science,N/A,2.8,
3.2,13,Carm De Santis,Social Science,N/A,3,
3.2,5,John Corr,English,N/A,3.6,
5.0,11,Rick Yada,Science,N/A,1.6,
2.3,11,May Aung,Marketing,N/A,2.2,
3.9,30,Anthony Clarke,Science,N/A,2.8,
4.5,1,Darren Wood,Medicine,N/A,2,
1.3,2,Andrea Medovarski,English,N/A,4,
2.4,45,Fred Eidlin,Political Science,N/A,3.3,
4.9,5,Ian Slater,History,N/A,2.2,
3.9,6,Kathy Brophy,Social Science,N/A,3.2,
4.0,11,Steve Marshall,Science,N/A,2.8,
